task,accuracy,auroc,f1
stress_detection,1.0,1.0,1.0
anxiety_prediction,0.8,,0.8888888888888888
depression_risk,0.8571428571428571,0.942528735632184,0.9090909090909091
cognitive_workload,0.45714285714285713,,0.6274509803921569
glucose_instability,0.6285714285714286,0.7777777777777777,0.723404255319149
diabetes_complication,0.6285714285714286,0.7777777777777777,0.723404255319149
clinical_risk,0.6285714285714286,0.7777777777777777,0.723404255319149
