code_index,count,frequency
0,9,0.1875
6,5,0.10416666666666667
18,12,0.25
19,3,0.0625
21,14,0.2916666666666667
23,5,0.10416666666666667
