{
  "task": "wesad_stress",
  "backend": "Qwen/Qwen2.5-0.5B-Instruct",
  "modality_attribution": {
    "ecg": 0.21903813482879603,
    "eda": 0.17984841858476244,
    "emg": 0.25440306969003024,
    "motion": 0.10774042689245279,
    "ppg": 0.09639011965612088,
    "resp": 0.0664468705328825,
    "temp": 0.07613295981495513
  }
}