subject_id,session_id,hrv_sdnn,hrv_rmssd,eda_tonic_mean,eda_scr_rate,resp_rate_bpm,glucose_cv,glucose_tir_70_180,eeg_beta_alpha_ratio
S01,demo_public_like,70.05938896125073,37.857411365175594,1.5318991404560187,1.0,3.111111111111111,0.031002111374740994,1.0,
S02,demo_public_like,69.09683511189738,38.3860761008105,1.6538577530406922,1.0,3.388888888888889,0.0229456168245727,1.0,
S03,demo_public_like,67.64185370622154,36.88419169680436,1.7720944649781265,1.0,3.388888888888889,0.029463412692728556,1.0,
S04,demo_public_like,69.52639782688537,35.38906763934016,2.061325049365643,2.0,3.0555555555555554,0.0657460709552588,1.0,
S05,demo_public_like,69.73169554692319,34.631776397417056,2.1792040443988223,2.0,2.888888888888889,0.06123156836778749,1.0,
S06,demo_public_like,67.75900768013094,34.752039467618616,2.2984480725104337,2.0,3.111111111111111,0.060938548143985624,1.0,
